"0","str(apr_2020)"
"1","tibble [10,735 x 16]"
"1",""
"1"," (S3: "
"1",""
"1","tbl_df/tbl/data.frame"
"1",""
"1",")"
"1",""
"1","
"
"1"," "
"1",""
"1","$ "
"1",""
"1","ride_id           "
"1",""
"1",":"
"1"," chr [1:10735] "
"1",""
"1","""D299A8CF86191877"" ""00FC16EC0DB7B441"" ""313545028867D93B"" ""C487F420130E0FD2"""
"1",""
"1"," ..."
"1",""
"1","
"
"1"," "
"1",""
"1","$ "
"1",""
"1","rideable_type     "
"1",""
"1",":"
"1"," chr [1:10735] "
"1",""
"1","""docked_bike"" ""docked_bike"" ""docked_bike"" ""docked_bike"""
"1",""
"1"," ..."
"1",""
"1","
"
"1"," "
"1",""
"1","$ "
"1",""
"1","started_at        "
"1",""
"1",":"
"1"," "
"1",""
"1","POSIXct"
"1",""
"1","[1:10735]"
"1",""
"1",", format: "
"1",""
"1","""2020-04-30 17:36:50"" ""2020-04-16 17:21:04"" ""2020-04-25 22:46:52"""
"1",""
"1"," ..."
"1",""
"1","
"
"1"," "
"1",""
"1","$ "
"1",""
"1","ended_at          "
"1",""
"1",":"
"1"," "
"1",""
"1","POSIXct"
"1",""
"1","[1:10735]"
"1",""
"1",", format: "
"1",""
"1","""2020-04-30 17:39:03"" ""2020-04-16 18:47:34"" ""2020-04-25 22:51:32"""
"1",""
"1"," ..."
"1",""
"1","
"
"1"," "
"1",""
"1","$ "
"1",""
"1","start_station_name"
"1",""
"1",":"
"1"," chr [1:10735] "
"1",""
"1","""Clinton St & Madison St"" ""Lake Shore Dr & North Blvd"" ""Lake Shore Dr & Monroe St"" ""Lake Shore Dr & Monroe St"""
"1",""
"1"," ..."
"1",""
"1","
"
"1"," "
"1",""
"1","$ "
"1",""
"1","start_station_id  "
"1",""
"1",":"
"1"," num [1:10735] "
"1",""
"1","77 268 76 76 304 186 24 598 179 322"
"1",""
"1"," ..."
"1",""
"1","
"
"1"," "
"1",""
"1","$ "
"1",""
"1","end_station_name  "
"1",""
"1",":"
"1"," chr [1:10735] "
"1",""
"1","""Clinton St & Lake St"" ""Lake Shore Dr & North Blvd"" ""Millennium Park"" ""Millennium Park"""
"1",""
"1"," ..."
"1",""
"1","
"
"1"," "
"1",""
"1","$ "
"1",""
"1","end_station_id    "
"1",""
"1",":"
"1"," num [1:10735] "
"1",""
"1","66 268 90 90 304 198 52 519 335 351"
"1",""
"1"," ..."
"1",""
"1","
"
"1"," "
"1",""
"1","$ "
"1",""
"1","start_lat         "
"1",""
"1",":"
"1"," num [1:10735] "
"1",""
"1","41.9 41.9 41.9 41.9 41.9"
"1",""
"1"," ..."
"1",""
"1","
"
"1"," "
"1",""
"1","$ "
"1",""
"1","start_lng         "
"1",""
"1",":"
"1"," num [1:10735] "
"1",""
"1","-87.6 -87.6 -87.6 -87.6 -87.6"
"1",""
"1"," ..."
"1",""
"1","
"
"1"," "
"1",""
"1","$ "
"1",""
"1","end_lat           "
"1",""
"1",":"
"1"," num [1:10735] "
"1",""
"1","41.9 41.9 41.9 41.9 41.9"
"1",""
"1"," ..."
"1",""
"1","
"
"1"," "
"1",""
"1","$ "
"1",""
"1","end_lng           "
"1",""
"1",":"
"1"," num [1:10735] "
"1",""
"1","-87.6 -87.6 -87.6 -87.6 -87.6"
"1",""
"1"," ..."
"1",""
"1","
"
"1"," "
"1",""
"1","$ "
"1",""
"1","member_casual     "
"1",""
"1",":"
"1"," chr [1:10735] "
"1",""
"1","""casual"" ""casual"" ""member"" ""member"""
"1",""
"1"," ..."
"1",""
"1","
"
"1"," "
"1",""
"1","$ "
"1",""
"1","ride_length       "
"1",""
"1",":"
"1"," "
"1",""
"1","POSIXct"
"1",""
"1","[1:10735]"
"1",""
"1",", format: "
"1",""
"1","""1899-12-31 00:02:13"" ""1899-12-31 01:26:30"" ""1899-12-31 00:04:40"""
"1",""
"1"," ..."
"1",""
"1","
"
"1"," "
"1",""
"1","$ "
"1",""
"1","day_of_week       "
"1",""
"1",":"
"1"," "
"1",""
"1","POSIXct"
"1",""
"1","[1:10735]"
"1",""
"1",", format: "
"1",""
"1","""2020-04-30 17:36:50"" ""2020-04-16 17:21:04"" ""2020-04-25 22:46:52"""
"1",""
"1"," ..."
"1",""
"1","
"
"1"," "
"1",""
"1","$ "
"1",""
"1","distance          "
"1",""
"1",":"
"1"," num [1:10735] "
"1",""
"1","2.07e-01 0.00 3.31e-01 3.31e-01 5.13e-05"
"1",""
"1"," ..."
"1",""
"1","
"
"0","str(may_2020)"
"1","tibble [24,752 x 16]"
"1",""
"1"," (S3: "
"1",""
"1","tbl_df/tbl/data.frame"
"1",""
"1",")"
"1",""
"1","
"
"1"," "
"1",""
"1","$ "
"1",""
"1","ride_id           "
"1",""
"1",":"
"1"," chr [1:24752] "
"1",""
"1","""7A50CCAF1EDDB28F"" ""2500D7957D4D0A34"" ""197085F3EC7F5508"" ""33EA7C57267B1D42"""
"1",""
"1"," ..."
"1",""
"1","
"
"1"," "
"1",""
"1","$ "
"1",""
"1","rideable_type     "
"1",""
"1",":"
"1"," chr [1:24752] "
"1",""
"1","""docked_bike"" ""docked_bike"" ""docked_bike"" ""docked_bike"""
"1",""
"1"," ..."
"1",""
"1","
"
"1"," "
"1",""
"1","$ "
"1",""
"1","started_at        "
"1",""
"1",":"
"1"," "
"1",""
"1","POSIXct"
"1",""
"1","[1:24752]"
"1",""
"1",", format: "
"1",""
"1","""2020-05-25 10:47:11"" ""2020-05-20 12:51:41"" ""2020-05-28 17:40:38"""
"1",""
"1"," ..."
"1",""
"1","
"
"1"," "
"1",""
"1","$ "
"1",""
"1","ended_at          "
"1",""
"1",":"
"1"," "
"1",""
"1","POSIXct"
"1",""
"1","[1:24752]"
"1",""
"1",", format: "
"1",""
"1","""2020-05-25 11:05:40"" ""2020-05-20 13:46:47"" ""2020-05-28 18:06:39"""
"1",""
"1"," ..."
"1",""
"1","
"
"1"," "
"1",""
"1","$ "
"1",""
"1","start_station_name"
"1",""
"1",":"
"1"," chr [1:24752] "
"1",""
"1","""Clark St & Wrightwood Ave"" ""Hermitage Ave & Polk St"" ""Ashland Ave & Belle Plaine Ave"" ""Southport Ave & Irving Park Rd"""
"1",""
"1"," ..."
"1",""
"1","
"
"1"," "
"1",""
"1","$ "
"1",""
"1","start_station_id  "
"1",""
"1",":"
"1"," num [1:24752] "
"1",""
"1","340 261 246 318 461 587 181 140 300 223"
"1",""
"1"," ..."
"1",""
"1","
"
"1"," "
"1",""
"1","$ "
"1",""
"1","end_station_name  "
"1",""
"1",":"
"1"," chr [1:24752] "
"1",""
"1","""Clark St & Leland Ave"" ""Hermitage Ave & Polk St"" ""Southport Ave & Roscoe St"" ""Pine Grove Ave & Waveland Ave"""
"1",""
"1"," ..."
"1",""
"1","
"
"1"," "
"1",""
"1","$ "
"1",""
"1","end_station_id    "
"1",""
"1",":"
"1"," num [1:24752] "
"1",""
"1","326 261 229 232 525 201 110 181 181 210"
"1",""
"1"," ..."
"1",""
"1","
"
"1"," "
"1",""
"1","$ "
"1",""
"1","start_lat         "
"1",""
"1",":"
"1"," num [1:24752] "
"1",""
"1","41.9 41.9 42 42 42"
"1",""
"1"," ..."
"1",""
"1","
"
"1"," "
"1",""
"1","$ "
"1",""
"1","start_lng         "
"1",""
"1",":"
"1"," num [1:24752] "
"1",""
"1","-87.6 -87.7 -87.7 -87.7 -87.7"
"1",""
"1"," ..."
"1",""
"1","
"
"1"," "
"1",""
"1","$ "
"1",""
"1","end_lat           "
"1",""
"1",":"
"1"," num [1:24752] "
"1",""
"1","42 41.9 41.9 41.9 42"
"1",""
"1"," ..."
"1",""
"1","
"
"1"," "
"1",""
"1","$ "
"1",""
"1","end_lng           "
"1",""
"1",":"
"1"," num [1:24752] "
"1",""
"1","-87.7 -87.7 -87.7 -87.6 -87.7"
"1",""
"1"," ..."
"1",""
"1","
"
"1"," "
"1",""
"1","$ "
"1",""
"1","member_casual     "
"1",""
"1",":"
"1"," chr [1:24752] "
"1",""
"1","""casual"" ""member"" ""casual"" ""member"""
"1",""
"1"," ..."
"1",""
"1","
"
"1"," "
"1",""
"1","$ "
"1",""
"1","ride_length       "
"1",""
"1",":"
"1"," "
"1",""
"1","POSIXct"
"1",""
"1","[1:24752]"
"1",""
"1",", format: "
"1",""
"1","""1899-12-31 00:18:29"" ""1899-12-31 00:55:06"" ""1899-12-31 00:26:01"""
"1",""
"1"," ..."
"1",""
"1","
"
"1"," "
"1",""
"1","$ "
"1",""
"1","day_of_week       "
"1",""
"1",":"
"1"," "
"1",""
"1","POSIXct"
"1",""
"1","[1:24752]"
"1",""
"1",", format: "
"1",""
"1","""2020-05-25 10:47:11"" ""2020-05-20 12:51:41"" ""2020-05-28 17:40:38"""
"1",""
"1"," ..."
"1",""
"1","
"
"1"," "
"1",""
"1","$ "
"1",""
"1","distance          "
"1",""
"1",":"
"1"," num [1:24752] "
"1",""
"1","2.508 0 0.776 0.861 1.744"
"1",""
"1"," ..."
"1",""
"1","
"
"0","str(jun_2020)"
"1","tibble [42,879 x 16]"
"1",""
"1"," (S3: "
"1",""
"1","tbl_df/tbl/data.frame"
"1",""
"1",")"
"1",""
"1","
"
"1"," "
"1",""
"1","$ "
"1",""
"1","ride_id           "
"1",""
"1",":"
"1"," chr [1:42879] "
"1",""
"1","""BE9295A1613C61A3"" ""3A7F9C02EC7173DF"" ""861FD3D4AB519DC5"" ""F1FB8C6B3D2F2B0C"""
"1",""
"1"," ..."
"1",""
"1","
"
"1"," "
"1",""
"1","$ "
"1",""
"1","rideable_type     "
"1",""
"1",":"
"1"," chr [1:42879] "
"1",""
"1","""docked_bike"" ""docked_bike"" ""docked_bike"" ""docked_bike"""
"1",""
"1"," ..."
"1",""
"1","
"
"1"," "
"1",""
"1","$ "
"1",""
"1","started_at        "
"1",""
"1",":"
"1"," "
"1",""
"1","POSIXct"
"1",""
"1","[1:42879]"
"1",""
"1",", format: "
"1",""
"1","""2020-06-19 13:58:15"" ""2020-06-27 22:57:37"" ""2020-06-21 17:33:51"""
"1",""
"1"," ..."
"1",""
"1","
"
"1"," "
"1",""
"1","$ "
"1",""
"1","ended_at          "
"1",""
"1",":"
"1"," "
"1",""
"1","POSIXct"
"1",""
"1","[1:42879]"
"1",""
"1",", format: "
"1",""
"1","""2020-06-19 14:15:32"" ""2020-06-27 23:08:37"" ""2020-06-21 17:55:50"""
"1",""
"1"," ..."
"1",""
"1","
"
"1"," "
"1",""
"1","$ "
"1",""
"1","start_station_name"
"1",""
"1",":"
"1"," chr [1:42879] "
"1",""
"1","""State St & 33rd St"" ""Mies van der Rohe Way & Chestnut St"" ""Lincoln Ave & Belle Plaine Ave"" ""Sheffield Ave & Willow St"""
"1",""
"1"," ..."
"1",""
"1","
"
"1"," "
"1",""
"1","$ "
"1",""
"1","start_station_id  "
"1",""
"1",":"
"1"," num [1:42879] "
"1",""
"1","148 145 298 93 117 157 136 56 349 93"
"1",""
"1"," ..."
"1",""
"1","
"
"1"," "
"1",""
"1","$ "
"1",""
"1","end_station_name  "
"1",""
"1",":"
"1"," chr [1:42879] "
"1",""
"1","""Calumet Ave & 18th St"" ""Wells St & Evergreen Ave"" ""Lakeview Ave & Fullerton Pkwy"" ""Orleans St & Hubbard St"""
"1",""
"1"," ..."
"1",""
"1","
"
"1"," "
"1",""
"1","$ "
"1",""
"1","end_station_id    "
"1",""
"1",":"
"1"," num [1:42879] "
"1",""
"1","338 291 313 636 117 254 22 107 475 291"
"1",""
"1"," ..."
"1",""
"1","
"
"1"," "
"1",""
"1","$ "
"1",""
"1","start_lat         "
"1",""
"1",":"
"1"," num [1:42879] "
"1",""
"1","41.8 41.9 42 41.9 41.9"
"1",""
"1"," ..."
"1",""
"1","
"
"1"," "
"1",""
"1","$ "
"1",""
"1","start_lng         "
"1",""
"1",":"
"1"," num [1:42879] "
"1",""
"1","-87.6 -87.6 -87.7 -87.7 -87.7"
"1",""
"1"," ..."
"1",""
"1","
"
"1"," "
"1",""
"1","$ "
"1",""
"1","end_lat           "
"1",""
"1",":"
"1"," num [1:42879] "
"1",""
"1","41.9 41.9 41.9 41.9 41.9"
"1",""
"1"," ..."
"1",""
"1","
"
"1"," "
"1",""
"1","$ "
"1",""
"1","end_lng           "
"1",""
"1",":"
"1"," num [1:42879] "
"1",""
"1","-87.6 -87.6 -87.6 -87.6 -87.7"
"1",""
"1"," ..."
"1",""
"1","
"
"1"," "
"1",""
"1","$ "
"1",""
"1","member_casual     "
"1",""
"1",":"
"1"," chr [1:42879] "
"1",""
"1","""member"" ""member"" ""casual"" ""member"""
"1",""
"1"," ..."
"1",""
"1","
"
"1"," "
"1",""
"1","$ "
"1",""
"1","ride_length       "
"1",""
"1",":"
"1"," "
"1",""
"1","POSIXct"
"1",""
"1","[1:42879]"
"1",""
"1",", format: "
"1",""
"1","""1899-12-31 00:17:17"" ""1899-12-31 00:11:00"" ""1899-12-31 00:21:59"""
"1",""
"1"," ..."
"1",""
"1","
"
"1"," "
"1",""
"1","$ "
"1",""
"1","day_of_week       "
"1",""
"1",":"
"1"," "
"1",""
"1","POSIXct"
"1",""
"1","[1:42879]"
"1",""
"1",", format: "
"1",""
"1","""2020-06-19 13:58:15"" ""2020-06-27 22:57:37"" ""2020-06-21 17:33:51"""
"1",""
"1"," ..."
"1",""
"1","
"
"1"," "
"1",""
"1","$ "
"1",""
"1","distance          "
"1",""
"1",":"
"1"," num [1:42879] "
"1",""
"1","1.405 0.757 2.583 1.597 0"
"1",""
"1"," ..."
"1",""
"1","
"
"0","str(jul_2020)"
"1","tibble [68,980 x 16]"
"1",""
"1"," (S3: "
"1",""
"1","tbl_df/tbl/data.frame"
"1",""
"1",")"
"1",""
"1","
"
"1"," "
"1",""
"1","$ "
"1",""
"1","ride_id           "
"1",""
"1",":"
"1"," chr [1:68980] "
"1",""
"1","""54AE594E20B35881"" ""7FA38D309B160B59"" ""8CE8D05B0044D078"" ""DE01B99C20522392"""
"1",""
"1"," ..."
"1",""
"1","
"
"1"," "
"1",""
"1","$ "
"1",""
"1","rideable_type     "
"1",""
"1",":"
"1"," chr [1:68980] "
"1",""
"1","""docked_bike"" ""docked_bike"" ""docked_bike"" ""docked_bike"""
"1",""
"1"," ..."
"1",""
"1","
"
"1"," "
"1",""
"1","$ "
"1",""
"1","started_at        "
"1",""
"1",":"
"1"," "
"1",""
"1","POSIXct"
"1",""
"1","[1:68980]"
"1",""
"1",", format: "
"1",""
"1","""2020-07-17 19:06:42"" ""2020-07-08 23:06:14"" ""2020-07-28 17:19:52"""
"1",""
"1"," ..."
"1",""
"1","
"
"1"," "
"1",""
"1","$ "
"1",""
"1","ended_at          "
"1",""
"1",":"
"1"," "
"1",""
"1","POSIXct"
"1",""
"1","[1:68980]"
"1",""
"1",", format: "
"1",""
"1","""2020-07-17 19:27:38"" ""2020-07-08 23:12:24"" ""2020-07-28 17:43:41"""
"1",""
"1"," ..."
"1",""
"1","
"
"1"," "
"1",""
"1","$ "
"1",""
"1","start_station_name"
"1",""
"1",":"
"1"," chr [1:68980] "
"1",""
"1","""LaSalle St & Illinois St"" ""Wells St & Elm St"" ""Lake Shore Dr & Belmont Ave"" ""Wells St & Elm St"""
"1",""
"1"," ..."
"1",""
"1","
"
"1"," "
"1",""
"1","$ "
"1",""
"1","start_station_id  "
"1",""
"1",":"
"1"," num [1:68980] "
"1",""
"1","181 182 334 182 56 233 198 284 131 398"
"1",""
"1"," ..."
"1",""
"1","
"
"1"," "
"1",""
"1","$ "
"1",""
"1","end_station_name  "
"1",""
"1",":"
"1"," chr [1:68980] "
"1",""
"1","""Clark St & Armitage Ave"" ""State St & Pearson St"" ""Lake Shore Dr & Wellington Ave"" ""Ritchie Ct & Banks St"""
"1",""
"1"," ..."
"1",""
"1","
"
"1"," "
"1",""
"1","$ "
"1",""
"1","end_station_id    "
"1",""
"1",":"
"1"," num [1:68980] "
"1",""
"1","94 106 157 180 186 86 196 6 242 419"
"1",""
"1"," ..."
"1",""
"1","
"
"1"," "
"1",""
"1","$ "
"1",""
"1","start_lat         "
"1",""
"1",":"
"1"," num [1:68980] "
"1",""
"1","41.9 41.9 41.9 41.9 41.9"
"1",""
"1"," ..."
"1",""
"1","
"
"1"," "
"1",""
"1","$ "
"1",""
"1","start_lng         "
"1",""
"1",":"
"1"," num [1:68980] "
"1",""
"1","-87.6 -87.6 -87.6 -87.6 -87.6"
"1",""
"1"," ..."
"1",""
"1","
"
"1"," "
"1",""
"1","$ "
"1",""
"1","end_lat           "
"1",""
"1",":"
"1"," num [1:68980] "
"1",""
"1","41.9 41.9 41.9 41.9 41.9"
"1",""
"1"," ..."
"1",""
"1","
"
"1"," "
"1",""
"1","$ "
"1",""
"1","end_lng           "
"1",""
"1",":"
"1"," num [1:68980] "
"1",""
"1","-87.6 -87.6 -87.6 -87.6 -87.7"
"1",""
"1"," ..."
"1",""
"1","
"
"1"," "
"1",""
"1","$ "
"1",""
"1","member_casual     "
"1",""
"1",":"
"1"," chr [1:68980] "
"1",""
"1","""casual"" ""casual"" ""casual"" ""casual"""
"1",""
"1"," ..."
"1",""
"1","
"
"1"," "
"1",""
"1","$ "
"1",""
"1","ride_length       "
"1",""
"1",":"
"1"," "
"1",""
"1","POSIXct"
"1",""
"1","[1:68980]"
"1",""
"1",", format: "
"1",""
"1","""1899-12-31 00:20:56"" ""1899-12-31 00:06:10"" ""1899-12-31 00:23:49"""
"1",""
"1"," ..."
"1",""
"1","
"
"1"," "
"1",""
"1","$ "
"1",""
"1","day_of_week       "
"1",""
"1",":"
"1"," "
"1",""
"1","POSIXct"
"1",""
"1","[1:68980]"
"1",""
"1",", format: "
"1",""
"1","""2020-07-17 19:06:42"" ""2020-07-08 23:06:14"" ""2020-07-28 17:19:52"""
"1",""
"1"," ..."
"1",""
"1","
"
"1"," "
"1",""
"1","$ "
"1",""
"1","distance          "
"1",""
"1",":"
"1"," num [1:68980] "
"1",""
"1","1.668 0.428 0.267 0.424 0.666"
"1",""
"1"," ..."
"1",""
"1","
"
"0","str(aug_2020)"
"1","tibble [76,020 x 16]"
"1",""
"1"," (S3: "
"1",""
"1","tbl_df/tbl/data.frame"
"1",""
"1",")"
"1",""
"1","
"
"1"," "
"1",""
"1","$ "
"1",""
"1","ride_id           "
"1",""
"1",":"
"1"," chr [1:76020] "
"1",""
"1","""C79FBBD412E578A7"" ""56349A5A42F0AE51"" ""9C02C90BA1FF8447"" ""B57305A18D7FA868"""
"1",""
"1"," ..."
"1",""
"1","
"
"1"," "
"1",""
"1","$ "
"1",""
"1","rideable_type     "
"1",""
"1",":"
"1"," chr [1:76020] "
"1",""
"1","""electric_bike"" ""electric_bike"" ""electric_bike"" ""electric_bike"""
"1",""
"1"," ..."
"1",""
"1","
"
"1"," "
"1",""
"1","$ "
"1",""
"1","started_at        "
"1",""
"1",":"
"1"," "
"1",""
"1","POSIXct"
"1",""
"1","[1:76020]"
"1",""
"1",", format: "
"1",""
"1","""2020-08-27 12:05:41"" ""2020-08-27 17:26:23"" ""2020-08-20 20:25:37"""
"1",""
"1"," ..."
"1",""
"1","
"
"1"," "
"1",""
"1","$ "
"1",""
"1","ended_at          "
"1",""
"1",":"
"1"," "
"1",""
"1","POSIXct"
"1",""
"1","[1:76020]"
"1",""
"1",", format: "
"1",""
"1","""2020-08-27 12:53:45"" ""2020-08-27 18:07:50"" ""2020-08-20 20:36:07"""
"1",""
"1"," ..."
"1",""
"1","
"
"1"," "
"1",""
"1","$ "
"1",""
"1","start_station_name"
"1",""
"1",":"
"1"," chr [1:76020] "
"1",""
"1","""Daley Center Plaza"" ""Leavitt St & Division St"" ""Noble St & Milwaukee Ave"" ""Southport Ave & Belmont Ave"""
"1",""
"1"," ..."
"1",""
"1","
"
"1"," "
"1",""
"1","$ "
"1",""
"1","start_station_id  "
"1",""
"1",":"
"1"," num [1:76020] "
"1",""
"1","81 658 29 154 177 35 71 217 72 211"
"1",""
"1"," ..."
"1",""
"1","
"
"1"," "
"1",""
"1","$ "
"1",""
"1","end_station_name  "
"1",""
"1",":"
"1"," chr [1:76020] "
"1",""
"1","""State St & Kinzie St"" ""Leavitt St & Division St"" ""Green St & Randolph St"" ""Clark St & Wrightwood Ave"""
"1",""
"1"," ..."
"1",""
"1","
"
"1"," "
"1",""
"1","$ "
"1",""
"1","end_station_id    "
"1",""
"1",":"
"1"," num [1:76020] "
"1",""
"1","47 658 112 340 214 211 117 51 351 99"
"1",""
"1"," ..."
"1",""
"1","
"
"1"," "
"1",""
"1","$ "
"1",""
"1","start_lat         "
"1",""
"1",":"
"1"," num [1:76020] "
"1",""
"1","41.9 41.9 41.9 41.9 41.9"
"1",""
"1"," ..."
"1",""
"1","
"
"1"," "
"1",""
"1","$ "
"1",""
"1","start_lng         "
"1",""
"1",":"
"1"," num [1:76020] "
"1",""
"1","-87.6 -87.7 -87.7 -87.7 -87.6"
"1",""
"1"," ..."
"1",""
"1","
"
"1"," "
"1",""
"1","$ "
"1",""
"1","end_lat           "
"1",""
"1",":"
"1"," num [1:76020] "
"1",""
"1","41.9 41.9 41.9 41.9 41.9"
"1",""
"1"," ..."
"1",""
"1","
"
"1"," "
"1",""
"1","$ "
"1",""
"1","end_lng           "
"1",""
"1",":"
"1"," num [1:76020] "
"1",""
"1","-87.6 -87.7 -87.6 -87.6 -87.7"
"1",""
"1"," ..."
"1",""
"1","
"
"1"," "
"1",""
"1","$ "
"1",""
"1","member_casual     "
"1",""
"1",":"
"1"," chr [1:76020] "
"1",""
"1","""casual"" ""casual"" ""casual"" ""casual"""
"1",""
"1"," ..."
"1",""
"1","
"
"1"," "
"1",""
"1","$ "
"1",""
"1","ride_length       "
"1",""
"1",":"
"1"," "
"1",""
"1","POSIXct"
"1",""
"1","[1:76020]"
"1",""
"1",", format: "
"1",""
"1","""1899-12-31 00:48:04"" ""1899-12-31 00:41:27"" ""1899-12-31 00:10:30"""
"1",""
"1"," ..."
"1",""
"1","
"
"1"," "
"1",""
"1","$ "
"1",""
"1","day_of_week       "
"1",""
"1",":"
"1"," "
"1",""
"1","POSIXct"
"1",""
"1","[1:76020]"
"1",""
"1",", format: "
"1",""
"1","""2020-08-27 12:05:41"" ""2020-08-27 17:26:23"" ""2020-08-20 20:25:37"""
"1",""
"1"," ..."
"1",""
"1","
"
"1"," "
"1",""
"1","$ "
"1",""
"1","distance          "
"1",""
"1",":"
"1"," num [1:76020] "
"1",""
"1","0.34309 0.00653 1.19351 1.09157 2.9357"
"1",""
"1"," ..."
"1",""
"1","
"
"0","str(sep_2020)"
"1","tibble [62,647 x 16]"
"1",""
"1"," (S3: "
"1",""
"1","tbl_df/tbl/data.frame"
"1",""
"1",")"
"1",""
"1","
"
"1"," "
"1",""
"1","$ "
"1",""
"1","ride_id           "
"1",""
"1",":"
"1"," chr [1:62647] "
"1",""
"1","""B9C4712F78C1AE68"" ""8A7CE19C3C3E0CA5"" ""9B33691497333B78"" ""11F9542305E48E31"""
"1",""
"1"," ..."
"1",""
"1","
"
"1"," "
"1",""
"1","$ "
"1",""
"1","rideable_type     "
"1",""
"1",":"
"1"," chr [1:62647] "
"1",""
"1","""electric_bike"" ""electric_bike"" ""electric_bike"" ""electric_bike"""
"1",""
"1"," ..."
"1",""
"1","
"
"1"," "
"1",""
"1","$ "
"1",""
"1","started_at        "
"1",""
"1",":"
"1"," "
"1",""
"1","POSIXct"
"1",""
"1","[1:62647]"
"1",""
"1",", format: "
"1",""
"1","""2020-09-17 15:16:13"" ""2020-09-16 22:58:41"" ""2020-09-14 17:16:55"""
"1",""
"1"," ..."
"1",""
"1","
"
"1"," "
"1",""
"1","$ "
"1",""
"1","ended_at          "
"1",""
"1",":"
"1"," "
"1",""
"1","POSIXct"
"1",""
"1","[1:62647]"
"1",""
"1",", format: "
"1",""
"1","""2020-09-17 15:52:55"" ""2020-09-17 00:09:31"" ""2020-09-14 17:33:01"""
"1",""
"1"," ..."
"1",""
"1","
"
"1"," "
"1",""
"1","$ "
"1",""
"1","start_station_name"
"1",""
"1",":"
"1"," chr [1:62647] "
"1",""
"1","""Fairbanks Ct & Grand Ave"" ""Michigan Ave & 18th St"" ""Wells St & Huron St"" ""Franklin St & Lake St"""
"1",""
"1"," ..."
"1",""
"1","
"
"1"," "
"1",""
"1","$ "
"1",""
"1","start_station_id  "
"1",""
"1",":"
"1"," num [1:62647] "
"1",""
"1","24 273 53 164 111 301 250 453 126 423"
"1",""
"1"," ..."
"1",""
"1","
"
"1"," "
"1",""
"1","$ "
"1",""
"1","end_station_name  "
"1",""
"1",":"
"1"," chr [1:62647] "
"1",""
"1","""Fairbanks Ct & Grand Ave"" ""Michigan Ave & 18th St"" ""Federal St & Polk St"" ""Franklin St & Lake St"""
"1",""
"1"," ..."
"1",""
"1","
"
"1"," "
"1",""
"1","$ "
"1",""
"1","end_station_id    "
"1",""
"1",":"
"1"," num [1:62647] "
"1",""
"1","24 273 41 164 59 349 226 243 131 247"
"1",""
"1"," ..."
"1",""
"1","
"
"1"," "
"1",""
"1","$ "
"1",""
"1","start_lat         "
"1",""
"1",":"
"1"," num [1:62647] "
"1",""
"1","41.9 41.9 41.9 41.9 41.9"
"1",""
"1"," ..."
"1",""
"1","
"
"1"," "
"1",""
"1","$ "
"1",""
"1","start_lng         "
"1",""
"1",":"
"1"," num [1:62647] "
"1",""
"1","-87.6 -87.6 -87.6 -87.6 -87.6"
"1",""
"1"," ..."
"1",""
"1","
"
"1"," "
"1",""
"1","$ "
"1",""
"1","end_lat           "
"1",""
"1",":"
"1"," num [1:62647] "
"1",""
"1","41.9 41.9 41.9 41.9 41.9"
"1",""
"1"," ..."
"1",""
"1","
"
"1"," "
"1",""
"1","$ "
"1",""
"1","end_lng           "
"1",""
"1",":"
"1"," num [1:62647] "
"1",""
"1","-87.6 -87.6 -87.6 -87.6 -87.6"
"1",""
"1"," ..."
"1",""
"1","
"
"1"," "
"1",""
"1","$ "
"1",""
"1","member_casual     "
"1",""
"1",":"
"1"," chr [1:62647] "
"1",""
"1","""casual"" ""casual"" ""casual"" ""casual"""
"1",""
"1"," ..."
"1",""
"1","
"
"1"," "
"1",""
"1","$ "
"1",""
"1","ride_length       "
"1",""
"1",":"
"1"," "
"1",""
"1","POSIXct"
"1",""
"1","[1:62647]"
"1",""
"1",", format: "
"1",""
"1","""1899-12-31 00:36:42"" ""1899-12-31 01:10:50"" ""1899-12-31 00:16:06"""
"1",""
"1"," ..."
"1",""
"1","
"
"1"," "
"1",""
"1","$ "
"1",""
"1","day_of_week       "
"1",""
"1",":"
"1"," "
"1",""
"1","POSIXct"
"1",""
"1","[1:62647]"
"1",""
"1",", format: "
"1",""
"1","""2020-09-17 15:16:13"" ""2020-09-16 22:58:41"" ""2020-09-14 17:16:55"""
"1",""
"1"," ..."
"1",""
"1","
"
"1"," "
"1",""
"1","$ "
"1",""
"1","distance          "
"1",""
"1",":"
"1"," num [1:62647] "
"1",""
"1","0.04343 0.00343 1.37416 0.04063 1.73002"
"1",""
"1"," ..."
"1",""
"1","
"
"0","str(oct_2020)"
"1","tibble [42,418 x 16]"
"1",""
"1"," (S3: "
"1",""
"1","tbl_df/tbl/data.frame"
"1",""
"1",")"
"1",""
"1","
"
"1"," "
"1",""
"1","$ "
"1",""
"1","ride_id           "
"1",""
"1",":"
"1"," chr [1:42418] "
"1",""
"1","""5783F4C7A8F71402"" ""55D7218E9B555FE3"" ""2788B095A61CDDFA"" ""B6C5C3897416494F"""
"1",""
"1"," ..."
"1",""
"1","
"
"1"," "
"1",""
"1","$ "
"1",""
"1","rideable_type     "
"1",""
"1",":"
"1"," chr [1:42418] "
"1",""
"1","""electric_bike"" ""electric_bike"" ""electric_bike"" ""electric_bike"""
"1",""
"1"," ..."
"1",""
"1","
"
"1"," "
"1",""
"1","$ "
"1",""
"1","started_at        "
"1",""
"1",":"
"1"," "
"1",""
"1","POSIXct"
"1",""
"1","[1:42418]"
"1",""
"1",", format: "
"1",""
"1","""2020-10-25 22:11:50"" ""2020-10-26 10:29:35"" ""2020-10-26 09:48:33"""
"1",""
"1"," ..."
"1",""
"1","
"
"1"," "
"1",""
"1","$ "
"1",""
"1","ended_at          "
"1",""
"1",":"
"1"," "
"1",""
"1","POSIXct"
"1",""
"1","[1:42418]"
"1",""
"1",", format: "
"1",""
"1","""2020-10-25 22:18:43"" ""2020-10-26 10:29:38"" ""2020-10-26 09:48:36"""
"1",""
"1"," ..."
"1",""
"1","
"
"1"," "
"1",""
"1","$ "
"1",""
"1","start_station_name"
"1",""
"1",":"
"1"," chr [1:42418] "
"1",""
"1","""California Ave & Division St"" ""WATSON TESTING - DIVVY"" ""WATSON TESTING - DIVVY"" ""Mies van der Rohe Way & Chestnut St"""
"1",""
"1"," ..."
"1",""
"1","
"
"1"," "
"1",""
"1","$ "
"1",""
"1","start_station_id  "
"1",""
"1",":"
"1"," num [1:42418] "
"1",""
"1","216 676 676 145 172 326 35 676 220 220"
"1",""
"1"," ..."
"1",""
"1","
"
"1"," "
"1",""
"1","$ "
"1",""
"1","end_station_name  "
"1",""
"1",":"
"1"," chr [1:42418] "
"1",""
"1","""Damen Ave & Pierce Ave"" ""WATSON TESTING - DIVVY"" ""WATSON TESTING - DIVVY"" ""Fairbanks Ct & Grand Ave"""
"1",""
"1"," ..."
"1",""
"1","
"
"1"," "
"1",""
"1","$ "
"1",""
"1","end_station_id    "
"1",""
"1",":"
"1"," num [1:42418] "
"1",""
"1","69 676 676 24 126 164 24 676 114 332"
"1",""
"1"," ..."
"1",""
"1","
"
"1"," "
"1",""
"1","$ "
"1",""
"1","start_lat         "
"1",""
"1",":"
"1"," num [1:42418] "
"1",""
"1","41.9 41.9 41.9 41.9 41.9"
"1",""
"1"," ..."
"1",""
"1","
"
"1"," "
"1",""
"1","$ "
"1",""
"1","start_lng         "
"1",""
"1",":"
"1"," num [1:42418] "
"1",""
"1","-87.7 -87.7 -87.7 -87.6 -87.6"
"1",""
"1"," ..."
"1",""
"1","
"
"1"," "
"1",""
"1","$ "
"1",""
"1","end_lat           "
"1",""
"1",":"
"1"," num [1:42418] "
"1",""
"1","41.9 41.9 41.9 41.9 41.9"
"1",""
"1"," ..."
"1",""
"1","
"
"1"," "
"1",""
"1","$ "
"1",""
"1","end_lng           "
"1",""
"1",":"
"1"," num [1:42418] "
"1",""
"1","-87.7 -87.7 -87.7 -87.6 -87.6"
"1",""
"1"," ..."
"1",""
"1","
"
"1"," "
"1",""
"1","$ "
"1",""
"1","member_casual     "
"1",""
"1",":"
"1"," chr [1:42418] "
"1",""
"1","""casual"" ""casual"" ""casual"" ""casual"""
"1",""
"1"," ..."
"1",""
"1","
"
"1"," "
"1",""
"1","$ "
"1",""
"1","ride_length       "
"1",""
"1",":"
"1"," "
"1",""
"1","POSIXct"
"1",""
"1","[1:42418]"
"1",""
"1",", format: "
"1",""
"1","""1899-12-31 00:06:53"" ""1899-12-31 00:00:03"" ""1899-12-31 00:00:03"""
"1",""
"1"," ..."
"1",""
"1","
"
"1"," "
"1",""
"1","$ "
"1",""
"1","day_of_week       "
"1",""
"1",":"
"1"," "
"1",""
"1","POSIXct"
"1",""
"1","[1:42418]"
"1",""
"1",", format: "
"1",""
"1","""2020-10-25 22:11:50"" ""2020-10-26 10:29:35"" ""2020-10-26 09:48:33"""
"1",""
"1"," ..."
"1",""
"1","
"
"1"," "
"1",""
"1","$ "
"1",""
"1","distance          "
"1",""
"1",":"
"1"," num [1:42418] "
"1",""
"1","0.9686 0.00182 0.00144 0.44435 0.60654"
"1",""
"1"," ..."
"1",""
"1","
"
"0","str(nov_2020)"
"1","tibble [27,977 x 16]"
"1",""
"1"," (S3: "
"1",""
"1","tbl_df/tbl/data.frame"
"1",""
"1",")"
"1",""
"1","
"
"1"," "
"1",""
"1","$ "
"1",""
"1","ride_id           "
"1",""
"1",":"
"1"," chr [1:27977] "
"1",""
"1","""C61526D06582BDC5"" ""DC6EC1271155826C"" ""448EE5A0A7F0EE6B"" ""BE97E90990208140"""
"1",""
"1"," ..."
"1",""
"1","
"
"1"," "
"1",""
"1","$ "
"1",""
"1","rideable_type     "
"1",""
"1",":"
"1"," chr [1:27977] "
"1",""
"1","""electric_bike"" ""electric_bike"" ""electric_bike"" ""electric_bike"""
"1",""
"1"," ..."
"1",""
"1","
"
"1"," "
"1",""
"1","$ "
"1",""
"1","started_at        "
"1",""
"1",":"
"1"," "
"1",""
"1","POSIXct"
"1",""
"1","[1:27977]"
"1",""
"1",", format: "
"1",""
"1","""2020-11-01 00:34:05"" ""2020-11-07 10:55:37"" ""2020-11-07 16:38:45"""
"1",""
"1"," ..."
"1",""
"1","
"
"1"," "
"1",""
"1","$ "
"1",""
"1","ended_at          "
"1",""
"1",":"
"1"," "
"1",""
"1","POSIXct"
"1",""
"1","[1:27977]"
"1",""
"1",", format: "
"1",""
"1","""2020-11-01 01:03:06"" ""2020-11-07 12:42:15"" ""2020-11-07 16:50:35"""
"1",""
"1"," ..."
"1",""
"1","
"
"1"," "
"1",""
"1","$ "
"1",""
"1","start_station_name"
"1",""
"1",":"
"1"," chr [1:27977] "
"1",""
"1","""Lake Shore Dr & Monroe St"" ""Dusable Harbor"" ""Noble St & Milwaukee Ave"" ""Delano Ct & Roosevelt Rd"""
"1",""
"1"," ..."
"1",""
"1","
"
"1"," "
"1",""
"1","$ "
"1",""
"1","start_station_id  "
"1",""
"1",":"
"1"," num [1:27977] "
"1",""
"1","76 6 29 626 419 329 273 289 284 73"
"1",""
"1"," ..."
"1",""
"1","
"
"1"," "
"1",""
"1","$ "
"1",""
"1","end_station_name  "
"1",""
"1",":"
"1"," chr [1:27977] "
"1",""
"1","""Federal St & Polk St"" ""Cannon Dr & Fullerton Ave"" ""Clark St & Elm St"" ""Canal St & Harrison St"""
"1",""
"1"," ..."
"1",""
"1","
"
"1"," "
"1",""
"1","$ "
"1",""
"1","end_station_id    "
"1",""
"1",":"
"1"," num [1:27977] "
"1",""
"1","41 34 176 169 247 99 75 327 321 57"
"1",""
"1"," ..."
"1",""
"1","
"
"1"," "
"1",""
"1","$ "
"1",""
"1","start_lat         "
"1",""
"1",":"
"1"," num [1:27977] "
"1",""
"1","41.9 41.9 41.9 41.9 41.8"
"1",""
"1"," ..."
"1",""
"1","
"
"1"," "
"1",""
"1","$ "
"1",""
"1","start_lng         "
"1",""
"1",":"
"1"," num [1:27977] "
"1",""
"1","-87.6 -87.6 -87.7 -87.6 -87.6"
"1",""
"1"," ..."
"1",""
"1","
"
"1"," "
"1",""
"1","$ "
"1",""
"1","end_lat           "
"1",""
"1",":"
"1"," num [1:27977] "
"1",""
"1","41.9 41.9 41.9 41.9 41.8"
"1",""
"1"," ..."
"1",""
"1","
"
"1"," "
"1",""
"1","$ "
"1",""
"1","end_lng           "
"1",""
"1",":"
"1"," num [1:27977] "
"1",""
"1","-87.6 -87.6 -87.6 -87.6 -87.6"
"1",""
"1"," ..."
"1",""
"1","
"
"1"," "
"1",""
"1","$ "
"1",""
"1","member_casual     "
"1",""
"1",":"
"1"," chr [1:27977] "
"1",""
"1","""casual"" ""casual"" ""casual"" ""casual"""
"1",""
"1"," ..."
"1",""
"1","
"
"1"," "
"1",""
"1","$ "
"1",""
"1","ride_length       "
"1",""
"1",":"
"1"," "
"1",""
"1","POSIXct"
"1",""
"1","[1:27977]"
"1",""
"1",", format: "
"1",""
"1","""1899-12-31 00:29:01"" ""1899-12-31 01:46:38"" ""1899-12-31 00:11:50"""
"1",""
"1"," ..."
"1",""
"1","
"
"1"," "
"1",""
"1","$ "
"1",""
"1","day_of_week       "
"1",""
"1",":"
"1"," "
"1",""
"1","POSIXct"
"1",""
"1","[1:27977]"
"1",""
"1",", format: "
"1",""
"1","""2020-11-01 00:34:05"" ""2020-11-07 10:55:37"" ""2020-11-07 16:38:45"""
"1",""
"1"," ..."
"1",""
"1","
"
"1"," "
"1",""
"1","$ "
"1",""
"1","distance          "
"1",""
"1",":"
"1"," num [1:27977] "
"1",""
"1","0.785 2.57 1.394 0.517 0.352"
"1",""
"1"," ..."
"1",""
"1","
"
"0","str(dec_2020)"
"1","tibble [14,191 x 16]"
"1",""
"1"," (S3: "
"1",""
"1","tbl_df/tbl/data.frame"
"1",""
"1",")"
"1",""
"1","
"
"1"," "
"1",""
"1","$ "
"1",""
"1","ride_id           "
"1",""
"1",":"
"1"," chr [1:14191] "
"1",""
"1","""552B045FFCD33831"" ""E15CFE375827791E"" ""40A70935D6A0C237"" ""A6CEB7F3A5239D86"""
"1",""
"1"," ..."
"1",""
"1","
"
"1"," "
"1",""
"1","$ "
"1",""
"1","rideable_type     "
"1",""
"1",":"
"1"," chr [1:14191] "
"1",""
"1","""classic_bike"" ""classic_bike"" ""electric_bike"" ""classic_bike"""
"1",""
"1"," ..."
"1",""
"1","
"
"1"," "
"1",""
"1","$ "
"1",""
"1","started_at        "
"1",""
"1",":"
"1"," "
"1",""
"1","POSIXct"
"1",""
"1","[1:14191]"
"1",""
"1",", format: "
"1",""
"1","""2020-12-04 23:18:23"" ""2020-12-14 17:21:29"" ""2020-12-04 17:27:07"""
"1",""
"1"," ..."
"1",""
"1","
"
"1"," "
"1",""
"1","$ "
"1",""
"1","ended_at          "
"1",""
"1",":"
"1"," "
"1",""
"1","POSIXct"
"1",""
"1","[1:14191]"
"1",""
"1",", format: "
"1",""
"1","""2020-12-04 23:53:55"" ""2020-12-14 17:22:09"" ""2020-12-04 17:28:59"""
"1",""
"1"," ..."
"1",""
"1","
"
"1"," "
"1",""
"1","$ "
"1",""
"1","start_station_name"
"1",""
"1",":"
"1"," chr [1:14191] "
"1",""
"1","""Sheridan Rd & Noyes St (NU)"" ""Clark St & Grace St"" ""Kingsbury St & Kinzie St"" ""Desplaines St & Kinzie St"""
"1",""
"1"," ..."
"1",""
"1","
"
"1"," "
"1",""
"1","$ "
"1",""
"1","start_station_id  "
"1",""
"1",":"
"1"," chr [1:14191] "
"1",""
"1","""604"" ""TA1307000127"" ""KA1503000043"" ""TA1306000003"""
"1",""
"1"," ..."
"1",""
"1","
"
"1"," "
"1",""
"1","$ "
"1",""
"1","end_station_name  "
"1",""
"1",":"
"1"," chr [1:14191] "
"1",""
"1","""Sheridan Rd & Noyes St (NU)"" ""Clark St & Grace St"" ""Desplaines St & Kinzie St"" ""Dearborn St & Monroe St"""
"1",""
"1"," ..."
"1",""
"1","
"
"1"," "
"1",""
"1","$ "
"1",""
"1","end_station_id    "
"1",""
"1",":"
"1"," chr [1:14191] "
"1",""
"1","""604"" ""TA1307000127"" ""TA1306000003"" ""TA1305000006"""
"1",""
"1"," ..."
"1",""
"1","
"
"1"," "
"1",""
"1","$ "
"1",""
"1","start_lat         "
"1",""
"1",":"
"1"," num [1:14191] "
"1",""
"1","42.1 42 41.9 41.9 41.9"
"1",""
"1"," ..."
"1",""
"1","
"
"1"," "
"1",""
"1","$ "
"1",""
"1","start_lng         "
"1",""
"1",":"
"1"," num [1:14191] "
"1",""
"1","-87.7 -87.7 -87.6 -87.6 -87.6"
"1",""
"1"," ..."
"1",""
"1","
"
"1"," "
"1",""
"1","$ "
"1",""
"1","end_lat           "
"1",""
"1",":"
"1"," num [1:14191] "
"1",""
"1","42.1 42 41.9 41.9 41.9"
"1",""
"1"," ..."
"1",""
"1","
"
"1"," "
"1",""
"1","$ "
"1",""
"1","end_lng           "
"1",""
"1",":"
"1"," num [1:14191] "
"1",""
"1","-87.7 -87.7 -87.6 -87.6 -87.6"
"1",""
"1"," ..."
"1",""
"1","
"
"1"," "
"1",""
"1","$ "
"1",""
"1","member_casual     "
"1",""
"1",":"
"1"," chr [1:14191] "
"1",""
"1","""member"" ""member"" ""member"" ""member"""
"1",""
"1"," ..."
"1",""
"1","
"
"1"," "
"1",""
"1","$ "
"1",""
"1","ride_length       "
"1",""
"1",":"
"1"," "
"1",""
"1","POSIXct"
"1",""
"1","[1:14191]"
"1",""
"1",", format: "
"1",""
"1","""1899-12-31 00:35:32"" ""1899-12-31 00:00:40"" ""1899-12-31 00:01:52"""
"1",""
"1"," ..."
"1",""
"1","
"
"1"," "
"1",""
"1","$ "
"1",""
"1","day_of_week       "
"1",""
"1",":"
"1"," "
"1",""
"1","POSIXct"
"1",""
"1","[1:14191]"
"1",""
"1",", format: "
"1",""
"1","""2020-12-04 23:18:23"" ""2020-12-14 17:21:29"" ""2020-12-04 17:27:07"""
"1",""
"1"," ..."
"1",""
"1","
"
"1"," "
"1",""
"1","$ "
"1",""
"1","distance          "
"1",""
"1",":"
"1"," num [1:14191] "
"1",""
"1","0 0 0.263 0.802 0.267"
"1",""
"1"," ..."
"1",""
"1","
"
"0","str(jan_2021)"
"1","tibble [10,454 x 16]"
"1",""
"1"," (S3: "
"1",""
"1","tbl_df/tbl/data.frame"
"1",""
"1",")"
"1",""
"1","
"
"1"," "
"1",""
"1","$ "
"1",""
"1","ride_id           "
"1",""
"1",":"
"1"," chr [1:10454] "
"1",""
"1","""4D518C65E338D070"" ""9D08A3AFF410474D"" ""55DAB9E709B61EA5"" ""5B796A9FDF9B13A4"""
"1",""
"1"," ..."
"1",""
"1","
"
"1"," "
"1",""
"1","$ "
"1",""
"1","rideable_type     "
"1",""
"1",":"
"1"," chr [1:10454] "
"1",""
"1","""electric_bike"" ""classic_bike"" ""classic_bike"" ""electric_bike"""
"1",""
"1"," ..."
"1",""
"1","
"
"1"," "
"1",""
"1","$ "
"1",""
"1","started_at        "
"1",""
"1",":"
"1"," "
"1",""
"1","POSIXct"
"1",""
"1","[1:10454]"
"1",""
"1",", format: "
"1",""
"1","""2021-01-09 15:28:57"" ""2021-01-24 15:56:59"" ""2021-01-11 11:20:38"""
"1",""
"1"," ..."
"1",""
"1","
"
"1"," "
"1",""
"1","$ "
"1",""
"1","ended_at          "
"1",""
"1",":"
"1"," "
"1",""
"1","POSIXct"
"1",""
"1","[1:10454]"
"1",""
"1",", format: "
"1",""
"1","""2021-01-09 15:37:54"" ""2021-01-24 16:07:08"" ""2021-01-11 11:29:33"""
"1",""
"1"," ..."
"1",""
"1","
"
"1"," "
"1",""
"1","$ "
"1",""
"1","start_station_name"
"1",""
"1",":"
"1"," chr [1:10454] "
"1",""
"1","""California Ave & Cortez St"" ""California Ave & Cortez St"" ""California Ave & Cortez St"" ""Sedgwick St & North Ave"""
"1",""
"1"," ..."
"1",""
"1","
"
"1"," "
"1",""
"1","$ "
"1",""
"1","start_station_id  "
"1",""
"1",":"
"1"," chr [1:10454] "
"1",""
"1","""17660"" ""17660"" ""17660"" ""TA1307000038"""
"1",""
"1"," ..."
"1",""
"1","
"
"1"," "
"1",""
"1","$ "
"1",""
"1","end_station_name  "
"1",""
"1",":"
"1"," chr [1:10454] "
"1",""
"1","""Wood St & Augusta Blvd"" ""Wood St & Augusta Blvd"" ""Leavitt St & North Ave"" ""Franklin St & Chicago Ave"""
"1",""
"1"," ..."
"1",""
"1","
"
"1"," "
"1",""
"1","$ "
"1",""
"1","end_station_id    "
"1",""
"1",":"
"1"," chr [1:10454] "
"1",""
"1","""657"" ""657"" ""TA1308000005"" ""13017"""
"1",""
"1"," ..."
"1",""
"1","
"
"1"," "
"1",""
"1","$ "
"1",""
"1","start_lat         "
"1",""
"1",":"
"1"," num [1:10454] "
"1",""
"1","41.9 41.9 41.9 41.9 41.9"
"1",""
"1"," ..."
"1",""
"1","
"
"1"," "
"1",""
"1","$ "
"1",""
"1","start_lng         "
"1",""
"1",":"
"1"," num [1:10454] "
"1",""
"1","-87.7 -87.7 -87.7 -87.6 -87.6"
"1",""
"1"," ..."
"1",""
"1","
"
"1"," "
"1",""
"1","$ "
"1",""
"1","end_lat           "
"1",""
"1",":"
"1"," num [1:10454] "
"1",""
"1","41.9 41.9 41.9 41.9 41.9"
"1",""
"1"," ..."
"1",""
"1","
"
"1"," "
"1",""
"1","$ "
"1",""
"1","end_lng           "
"1",""
"1",":"
"1"," num [1:10454] "
"1",""
"1","-87.7 -87.7 -87.7 -87.6 -87.6"
"1",""
"1"," ..."
"1",""
"1","
"
"1"," "
"1",""
"1","$ "
"1",""
"1","member_casual     "
"1",""
"1",":"
"1"," chr [1:10454] "
"1",""
"1","""casual"" ""casual"" ""casual"" ""member"""
"1",""
"1"," ..."
"1",""
"1","
"
"1"," "
"1",""
"1","$ "
"1",""
"1","ride_length       "
"1",""
"1",":"
"1"," "
"1",""
"1","POSIXct"
"1",""
"1","[1:10454]"
"1",""
"1",", format: "
"1",""
"1","""1899-12-31 00:08:57"" ""1899-12-31 00:10:09"" ""1899-12-31 00:08:55"""
"1",""
"1"," ..."
"1",""
"1","
"
"1"," "
"1",""
"1","$ "
"1",""
"1","day_of_week       "
"1",""
"1",":"
"1"," "
"1",""
"1","POSIXct"
"1",""
"1","[1:10454]"
"1",""
"1",", format: "
"1",""
"1","""2021-01-09 15:28:57"" ""2021-01-24 15:56:59"" ""2021-01-11 11:20:38"""
"1",""
"1"," ..."
"1",""
"1","
"
"1"," "
"1",""
"1","$ "
"1",""
"1","distance          "
"1",""
"1",":"
"1"," num [1:10454] "
"1",""
"1","1.1 1.099 0.884 0.881 1.328"
"1",""
"1"," ..."
"1",""
"1","
"
"0","str(feb_2021)"
"1","tibble [5,409 x 16]"
"1",""
"1"," (S3: "
"1",""
"1","tbl_df/tbl/data.frame"
"1",""
"1",")"
"1",""
"1","
"
"1"," "
"1",""
"1","$ "
"1",""
"1","ride_id           "
"1",""
"1",":"
"1"," chr [1:5409] "
"1",""
"1","""A772742351171257"" ""362087194BA4CC9A"" ""030723CBA8CF05E7"" ""7DF4C2D21E1DDD46"""
"1",""
"1"," ..."
"1",""
"1","
"
"1"," "
"1",""
"1","$ "
"1",""
"1","rideable_type     "
"1",""
"1",":"
"1"," chr [1:5409] "
"1",""
"1","""classic_bike"" ""classic_bike"" ""classic_bike"" ""classic_bike"""
"1",""
"1"," ..."
"1",""
"1","
"
"1"," "
"1",""
"1","$ "
"1",""
"1","started_at        "
"1",""
"1",":"
"1"," "
"1",""
"1","POSIXct"
"1",""
"1","[1:5409]"
"1",""
"1",", format: "
"1",""
"1","""2021-02-01 17:47:42"" ""2021-02-27 15:13:39"" ""2021-02-23 07:44:12"""
"1",""
"1"," ..."
"1",""
"1","
"
"1"," "
"1",""
"1","$ "
"1",""
"1","ended_at          "
"1",""
"1",":"
"1"," "
"1",""
"1","POSIXct"
"1",""
"1","[1:5409]"
"1",""
"1",", format: "
"1",""
"1","""2021-02-01 17:48:33"" ""2021-02-27 15:36:36"" ""2021-02-23 07:48:57"""
"1",""
"1"," ..."
"1",""
"1","
"
"1"," "
"1",""
"1","$ "
"1",""
"1","start_station_name"
"1",""
"1",":"
"1"," chr [1:5409] "
"1",""
"1","""LaSalle Dr & Huron St"" ""LaSalle Dr & Huron St"" ""Clinton St & Madison St"" ""Glenwood Ave & Touhy Ave"""
"1",""
"1"," ..."
"1",""
"1","
"
"1"," "
"1",""
"1","$ "
"1",""
"1","start_station_id  "
"1",""
"1",":"
"1"," chr [1:5409] "
"1",""
"1","""KP1705001026"" ""KP1705001026"" ""TA1305000032"" ""525"""
"1",""
"1"," ..."
"1",""
"1","
"
"1"," "
"1",""
"1","$ "
"1",""
"1","end_station_name  "
"1",""
"1",":"
"1"," chr [1:5409] "
"1",""
"1","""LaSalle Dr & Huron St"" ""LaSalle Dr & Huron St"" ""Clinton St & Polk St"" ""University Library (NU)"""
"1",""
"1"," ..."
"1",""
"1","
"
"1"," "
"1",""
"1","$ "
"1",""
"1","end_station_id    "
"1",""
"1",":"
"1"," chr [1:5409] "
"1",""
"1","""KP1705001026"" ""KP1705001026"" ""15542"" ""605"""
"1",""
"1"," ..."
"1",""
"1","
"
"1"," "
"1",""
"1","$ "
"1",""
"1","start_lat         "
"1",""
"1",":"
"1"," num [1:5409] "
"1",""
"1","41.9 41.9 41.9 42 41.9"
"1",""
"1"," ..."
"1",""
"1","
"
"1"," "
"1",""
"1","$ "
"1",""
"1","start_lng         "
"1",""
"1",":"
"1"," num [1:5409] "
"1",""
"1","-87.6 -87.6 -87.6 -87.7 -87.7"
"1",""
"1"," ..."
"1",""
"1","
"
"1"," "
"1",""
"1","$ "
"1",""
"1","end_lat           "
"1",""
"1",":"
"1"," num [1:5409] "
"1",""
"1","41.9 41.9 41.9 42.1 41.9"
"1",""
"1"," ..."
"1",""
"1","
"
"1"," "
"1",""
"1","$ "
"1",""
"1","end_lng           "
"1",""
"1",":"
"1"," num [1:5409] "
"1",""
"1","-87.6 -87.6 -87.6 -87.7 -87.7"
"1",""
"1"," ..."
"1",""
"1","
"
"1"," "
"1",""
"1","$ "
"1",""
"1","member_casual     "
"1",""
"1",":"
"1"," chr [1:5409] "
"1",""
"1","""casual"" ""member"" ""member"" ""member"""
"1",""
"1"," ..."
"1",""
"1","
"
"1"," "
"1",""
"1","$ "
"1",""
"1","ride_length       "
"1",""
"1",":"
"1"," "
"1",""
"1","POSIXct"
"1",""
"1","[1:5409]"
"1",""
"1",", format: "
"1",""
"1","""1899-12-31 00:00:51"" ""1899-12-31 00:22:57"" ""1899-12-31 00:04:45"""
"1",""
"1"," ..."
"1",""
"1","
"
"1"," "
"1",""
"1","$ "
"1",""
"1","day_of_week       "
"1",""
"1",":"
"1"," "
"1",""
"1","POSIXct"
"1",""
"1","[1:5409]"
"1",""
"1",", format: "
"1",""
"1","""2021-02-01 17:47:42"" ""2021-02-27 15:13:39"" ""2021-02-23 07:44:12"""
"1",""
"1"," ..."
"1",""
"1","
"
"1"," "
"1",""
"1","$ "
"1",""
"1","distance          "
"1",""
"1",":"
"1"," num [1:5409] "
"1",""
"1","0 0 0.648 2.441 0"
"1",""
"1"," ..."
"1",""
"1","
"
"0","str(mar_2021)"
"1","tibble [25,384 x 16]"
"1",""
"1"," (S3: "
"1",""
"1","tbl_df/tbl/data.frame"
"1",""
"1",")"
"1",""
"1","
"
"1"," "
"1",""
"1","$ "
"1",""
"1","ride_id           "
"1",""
"1",":"
"1"," chr [1:25384] "
"1",""
"1","""297268586B79588B"" ""D297F199D875BABE"" ""F27F548B7E89072E"" ""9A9A62EC353A95D1"""
"1",""
"1"," ..."
"1",""
"1","
"
"1"," "
"1",""
"1","$ "
"1",""
"1","rideable_type     "
"1",""
"1",":"
"1"," chr [1:25384] "
"1",""
"1","""classic_bike"" ""electric_bike"" ""electric_bike"" ""classic_bike"""
"1",""
"1"," ..."
"1",""
"1","
"
"1"," "
"1",""
"1","$ "
"1",""
"1","started_at        "
"1",""
"1",":"
"1"," "
"1",""
"1","POSIXct"
"1",""
"1","[1:25384]"
"1",""
"1",", format: "
"1",""
"1","""2021-03-20 14:10:41"" ""2021-03-31 15:31:19"" ""2021-03-26 16:02:56"""
"1",""
"1"," ..."
"1",""
"1","
"
"1"," "
"1",""
"1","$ "
"1",""
"1","ended_at          "
"1",""
"1",":"
"1"," "
"1",""
"1","POSIXct"
"1",""
"1","[1:25384]"
"1",""
"1",", format: "
"1",""
"1","""2021-03-20 14:22:13"" ""2021-03-31 15:35:58"" ""2021-03-26 16:22:49"""
"1",""
"1"," ..."
"1",""
"1","
"
"1"," "
"1",""
"1","$ "
"1",""
"1","start_station_name"
"1",""
"1",":"
"1"," chr [1:25384] "
"1",""
"1","""State St & Kinzie St"" ""Clinton St & Lake St"" ""Lincoln Ave & Fullerton Ave"" ""Halsted St & Willow St"""
"1",""
"1"," ..."
"1",""
"1","
"
"1"," "
"1",""
"1","$ "
"1",""
"1","start_station_id  "
"1",""
"1",":"
"1"," chr [1:25384] "
"1",""
"1","""13050"" ""13021"" ""TA1309000058"" ""TA1307000166"""
"1",""
"1"," ..."
"1",""
"1","
"
"1"," "
"1",""
"1","$ "
"1",""
"1","end_station_name  "
"1",""
"1",":"
"1"," chr [1:25384] "
"1",""
"1","""Lake Shore Dr & North Blvd"" ""Franklin St & Jackson Blvd"" ""Morgan St & Lake St"" ""Clark St & Drummond Pl"""
"1",""
"1"," ..."
"1",""
"1","
"
"1"," "
"1",""
"1","$ "
"1",""
"1","end_station_id    "
"1",""
"1",":"
"1"," chr [1:25384] "
"1",""
"1","""LF-005"" ""TA1305000025"" ""TA1306000015"" ""TA1307000142"""
"1",""
"1"," ..."
"1",""
"1","
"
"1"," "
"1",""
"1","$ "
"1",""
"1","start_lat         "
"1",""
"1",":"
"1"," num [1:25384] "
"1",""
"1","41.9 41.9 41.9 41.9 41.8"
"1",""
"1"," ..."
"1",""
"1","
"
"1"," "
"1",""
"1","$ "
"1",""
"1","start_lng         "
"1",""
"1",":"
"1"," num [1:25384] "
"1",""
"1","-87.6 -87.6 -87.6 -87.6 -87.6"
"1",""
"1"," ..."
"1",""
"1","
"
"1"," "
"1",""
"1","$ "
"1",""
"1","end_lat           "
"1",""
"1",":"
"1"," num [1:25384] "
"1",""
"1","41.9 41.9 41.9 41.9 41.8"
"1",""
"1"," ..."
"1",""
"1","
"
"1"," "
"1",""
"1","$ "
"1",""
"1","end_lng           "
"1",""
"1",":"
"1"," num [1:25384] "
"1",""
"1","-87.6 -87.6 -87.7 -87.6 -87.6"
"1",""
"1"," ..."
"1",""
"1","
"
"1"," "
"1",""
"1","$ "
"1",""
"1","member_casual     "
"1",""
"1",":"
"1"," chr [1:25384] "
"1",""
"1","""member"" ""member"" ""casual"" ""member"""
"1",""
"1"," ..."
"1",""
"1","
"
"1"," "
"1",""
"1","$ "
"1",""
"1","ride_length       "
"1",""
"1",":"
"1"," "
"1",""
"1","POSIXct"
"1",""
"1","[1:25384]"
"1",""
"1",", format: "
"1",""
"1","""1899-12-31 00:11:32"" ""1899-12-31 00:04:39"" ""1899-12-31 00:19:53"""
"1",""
"1"," ..."
"1",""
"1","
"
"1"," "
"1",""
"1","$ "
"1",""
"1","day_of_week       "
"1",""
"1",":"
"1"," "
"1",""
"1","POSIXct"
"1",""
"1","[1:25384]"
"1",""
"1",", format: "
"1",""
"1","""2021-03-20 14:10:41"" ""2021-03-31 15:31:19"" ""2021-03-26 16:02:56"""
"1",""
"1"," ..."
"1",""
"1","
"
"1"," "
"1",""
"1","$ "
"1",""
"1","distance          "
"1",""
"1",":"
"1"," num [1:25384] "
"1",""
"1","1.355 0.556 2.43 1.063 0.255"
"1",""
"1"," ..."
"1",""
"1","
"
"0","str(apr_2021)"
"1","tibble [37,101 x 16]"
"1",""
"1"," (S3: "
"1",""
"1","tbl_df/tbl/data.frame"
"1",""
"1",")"
"1",""
"1","
"
"1"," "
"1",""
"1","$ "
"1",""
"1","ride_id           "
"1",""
"1",":"
"1"," chr [1:37101] "
"1",""
"1","""E498E15508A80BAD"" ""B33484FA16A9A0FE"" ""2E5E911966CE495B"" ""254204CC5A9514F4"""
"1",""
"1"," ..."
"1",""
"1","
"
"1"," "
"1",""
"1","$ "
"1",""
"1","rideable_type     "
"1",""
"1",":"
"1"," chr [1:37101] "
"1",""
"1","""docked_bike"" ""classic_bike"" ""classic_bike"" ""classic_bike"""
"1",""
"1"," ..."
"1",""
"1","
"
"1"," "
"1",""
"1","$ "
"1",""
"1","started_at        "
"1",""
"1",":"
"1"," "
"1",""
"1","POSIXct"
"1",""
"1","[1:37101]"
"1",""
"1",", format: "
"1",""
"1","""2021-04-03 12:42:45"" ""2021-04-27 18:31:52"" ""2021-04-07 15:17:11"""
"1",""
"1"," ..."
"1",""
"1","
"
"1"," "
"1",""
"1","$ "
"1",""
"1","ended_at          "
"1",""
"1",":"
"1"," "
"1",""
"1","POSIXct"
"1",""
"1","[1:37101]"
"1",""
"1",", format: "
"1",""
"1","""2021-04-07 11:40:24"" ""2021-04-27 19:17:20"" ""2021-04-07 15:47:58"""
"1",""
"1"," ..."
"1",""
"1","
"
"1"," "
"1",""
"1","$ "
"1",""
"1","start_station_name"
"1",""
"1",":"
"1"," chr [1:37101] "
"1",""
"1","""Loomis Blvd & 84th St"" ""Dorchester Ave & 49th St"" ""Loomis Blvd & 84th St"" ""State St & Pearson St"""
"1",""
"1"," ..."
"1",""
"1","
"
"1"," "
"1",""
"1","$ "
"1",""
"1","start_station_id  "
"1",""
"1",":"
"1"," chr [1:37101] "
"1",""
"1","""20121"" ""KA1503000069"" ""20121"" ""TA1307000061"""
"1",""
"1"," ..."
"1",""
"1","
"
"1"," "
"1",""
"1","$ "
"1",""
"1","end_station_name  "
"1",""
"1",":"
"1"," chr [1:37101] "
"1",""
"1","""Loomis Blvd & 84th St"" ""Dorchester Ave & 49th St"" ""Loomis Blvd & 84th St"" ""Southport Ave & Waveland Ave"""
"1",""
"1"," ..."
"1",""
"1","
"
"1"," "
"1",""
"1","$ "
"1",""
"1","end_station_id    "
"1",""
"1",":"
"1"," chr [1:37101] "
"1",""
"1","""20121"" ""KA1503000069"" ""20121"" ""13235"""
"1",""
"1"," ..."
"1",""
"1","
"
"1"," "
"1",""
"1","$ "
"1",""
"1","start_lat         "
"1",""
"1",":"
"1"," num [1:37101] "
"1",""
"1","41.7 41.8 41.7 41.9 41.9"
"1",""
"1"," ..."
"1",""
"1","
"
"1"," "
"1",""
"1","$ "
"1",""
"1","start_lng         "
"1",""
"1",":"
"1"," num [1:37101] "
"1",""
"1","-87.7 -87.6 -87.7 -87.6 -87.7"
"1",""
"1"," ..."
"1",""
"1","
"
"1"," "
"1",""
"1","$ "
"1",""
"1","end_lat           "
"1",""
"1",":"
"1"," num [1:37101] "
"1",""
"1","41.7 41.8 41.7 41.9 41.9"
"1",""
"1"," ..."
"1",""
"1","
"
"1"," "
"1",""
"1","$ "
"1",""
"1","end_lng           "
"1",""
"1",":"
"1"," num [1:37101] "
"1",""
"1","-87.7 -87.6 -87.7 -87.7 -87.7"
"1",""
"1"," ..."
"1",""
"1","
"
"1"," "
"1",""
"1","$ "
"1",""
"1","member_casual     "
"1",""
"1",":"
"1"," chr [1:37101] "
"1",""
"1","""casual"" ""casual"" ""member"" ""member"""
"1",""
"1"," ..."
"1",""
"1","
"
"1"," "
"1",""
"1","$ "
"1",""
"1","ride_length       "
"1",""
"1",":"
"1"," "
"1",""
"1","POSIXct"
"1",""
"1","[1:37101]"
"1",""
"1",", format: "
"1",""
"1","""1900-01-03 22:57:39"" ""1899-12-31 00:45:28"" ""1899-12-31 00:30:47"""
"1",""
"1"," ..."
"1",""
"1","
"
"1"," "
"1",""
"1","$ "
"1",""
"1","day_of_week       "
"1",""
"1",":"
"1"," "
"1",""
"1","POSIXct"
"1",""
"1","[1:37101]"
"1",""
"1",", format: "
"1",""
"1","""2021-04-03 12:42:45"" ""2021-04-27 18:31:52"" ""2021-04-07 15:17:11"""
"1",""
"1"," ..."
"1",""
"1","
"
"1"," "
"1",""
"1","$ "
"1",""
"1","distance          "
"1",""
"1",":"
"1"," num [1:37101] "
"1",""
"1","0 0 0 3.43 2.02"
"1",""
"1"," ..."
"1",""
"1","
"
"0","str(may_2021)"
"1","tibble [56,277 x 16]"
"1",""
"1"," (S3: "
"1",""
"1","tbl_df/tbl/data.frame"
"1",""
"1",")"
"1",""
"1","
"
"1"," "
"1",""
"1","$ "
"1",""
"1","ride_id           "
"1",""
"1",":"
"1"," chr [1:56277] "
"1",""
"1","""238E58CAB07FA2A8"" ""059C6EFD3DA52B3C"" ""240C2AE3D0CF751E"" ""8156475E4F63E964"""
"1",""
"1"," ..."
"1",""
"1","
"
"1"," "
"1",""
"1","$ "
"1",""
"1","rideable_type     "
"1",""
"1",":"
"1"," chr [1:56277] "
"1",""
"1","""electric_bike"" ""classic_bike"" ""electric_bike"" ""classic_bike"""
"1",""
"1"," ..."
"1",""
"1","
"
"1"," "
"1",""
"1","$ "
"1",""
"1","started_at        "
"1",""
"1",":"
"1"," "
"1",""
"1","POSIXct"
"1",""
"1","[1:56277]"
"1",""
"1",", format: "
"1",""
"1","""2021-05-02 16:55:59"" ""2021-05-19 18:04:07"" ""2021-05-01 20:00:41"""
"1",""
"1"," ..."
"1",""
"1","
"
"1"," "
"1",""
"1","$ "
"1",""
"1","ended_at          "
"1",""
"1",":"
"1"," "
"1",""
"1","POSIXct"
"1",""
"1","[1:56277]"
"1",""
"1",", format: "
"1",""
"1","""2021-05-02 16:57:10"" ""2021-05-19 18:51:41"" ""2021-05-01 20:53:59"""
"1",""
"1"," ..."
"1",""
"1","
"
"1"," "
"1",""
"1","$ "
"1",""
"1","start_station_name"
"1",""
"1",":"
"1"," chr [1:56277] "
"1",""
"1","""Michigan Ave & Oak St"" ""Sheridan Rd & Noyes St (NU)"" ""Michigan Ave & Oak St"" ""Michigan Ave & Oak St"""
"1",""
"1"," ..."
"1",""
"1","
"
"1"," "
"1",""
"1","$ "
"1",""
"1","start_station_id  "
"1",""
"1",":"
"1"," chr [1:56277] "
"1",""
"1","""13042"" ""604"" ""13042"" ""13042"""
"1",""
"1"," ..."
"1",""
"1","
"
"1"," "
"1",""
"1","$ "
"1",""
"1","end_station_name  "
"1",""
"1",":"
"1"," chr [1:56277] "
"1",""
"1","""Michigan Ave & Oak St"" ""Sheridan Rd & Noyes St (NU)"" ""Kingsbury St & Kinzie St"" ""Michigan Ave & Oak St"""
"1",""
"1"," ..."
"1",""
"1","
"
"1"," "
"1",""
"1","$ "
"1",""
"1","end_station_id    "
"1",""
"1",":"
"1"," chr [1:56277] "
"1",""
"1","""13042"" ""604"" ""KA1503000043"" ""13042"""
"1",""
"1"," ..."
"1",""
"1","
"
"1"," "
"1",""
"1","$ "
"1",""
"1","start_lat         "
"1",""
"1",":"
"1"," num [1:56277] "
"1",""
"1","41.9 42.1 41.9 41.9 42"
"1",""
"1"," ..."
"1",""
"1","
"
"1"," "
"1",""
"1","$ "
"1",""
"1","start_lng         "
"1",""
"1",":"
"1"," num [1:56277] "
"1",""
"1","-87.6 -87.7 -87.6 -87.6 -87.7"
"1",""
"1"," ..."
"1",""
"1","
"
"1"," "
"1",""
"1","$ "
"1",""
"1","end_lat           "
"1",""
"1",":"
"1"," num [1:56277] "
"1",""
"1","41.9 42.1 41.9 41.9 41.9"
"1",""
"1"," ..."
"1",""
"1","
"
"1"," "
"1",""
"1","$ "
"1",""
"1","end_lng           "
"1",""
"1",":"
"1"," num [1:56277] "
"1",""
"1","-87.6 -87.7 -87.6 -87.6 -87.6"
"1",""
"1"," ..."
"1",""
"1","
"
"1"," "
"1",""
"1","$ "
"1",""
"1","member_casual     "
"1",""
"1",":"
"1"," chr [1:56277] "
"1",""
"1","""casual"" ""casual"" ""casual"" ""casual"""
"1",""
"1"," ..."
"1",""
"1","
"
"1"," "
"1",""
"1","$ "
"1",""
"1","ride_length       "
"1",""
"1",":"
"1"," "
"1",""
"1","POSIXct"
"1",""
"1","[1:56277]"
"1",""
"1",", format: "
"1",""
"1","""1899-12-31 00:01:11"" ""1899-12-31 00:47:34"" ""1899-12-31 00:53:18"""
"1",""
"1"," ..."
"1",""
"1","
"
"1"," "
"1",""
"1","$ "
"1",""
"1","day_of_week       "
"1",""
"1",":"
"1"," "
"1",""
"1","POSIXct"
"1",""
"1","[1:56277]"
"1",""
"1",", format: "
"1",""
"1","""2021-05-02 16:55:59"" ""2021-05-19 18:04:07"" ""2021-05-01 20:00:41"""
"1",""
"1"," ..."
"1",""
"1","
"
"1"," "
"1",""
"1","$ "
"1",""
"1","distance          "
"1",""
"1",":"
"1"," num [1:56277] "
"1",""
"1","0.000492 0 0.948117 0 3.387144"
"1",""
"1"," ..."
"1",""
"1","
"
